﻿Designator,Footprint,Quantity,Value,LCSC Part #
"BT1, BT2, BT3",BAT_BK-5009,3,Battery_Cell,
"C1, C4, C6",0402,3,100n,
"C2, C8, C9",0603,3,4.7u,
C3,CP_Elec_4x5.4,1,22u,
C5,0402,1,1n,
C7,0402,1,10n,
"D1, D10, D11, D12, D13, D14, D15, D16, D2, D3, D4, D5, D6, D7, D8, D9",0402,16,RLED,
D17,0603,1,D_TVS,
D19,0402,1,LED,
J1,IDC-Header_2x03_P2.54mm_Vertical,1,Prog,
R10,0402,1,1k,
"R16, R17, R18, R19, R20, R21, R22, R23, R24, R25, R26, R27, R5, R6, R7, R8, R9",0402,17,5k1,
R3,0402,1,25k,
SW1,SW_SPDT_PCM12,1,SW_SPST,C963206
"TP1, TP2",TestPoint_THTPad_1.0x1.0mm_Drill0.5mm,2,TestPoint_Probe,
"TP3, TP4, TP5, TP6",TestPoint_THTPad_1.5x1.5mm_Drill0.7mm,4,TestPoint,
U2,QFN-24-1EP_4x4mm_P0.5mm_EP2.6x2.6mm,1,ATtiny3217-M,
U3,VQFN-16-1EP_3x3mm_P0.5mm_EP1.8x1.8mm,1,STSPIN233,
"U4, U6, U7",SC-59,3,AH1806-W???,
U5,QFN-24-1EP_4x4mm_P0.5mm_EP2.15x2.15mm,1,TLC59282,
U8,SOT-23-6,1,TP4101,
X1,OSC_OV-7604-C7-32.768KHZ-20PPM-TB-QA,1,OV-7604-C7,
